,allele,seq_num,start,end,length,peptide,score,percentile_rank
1,HLA-B*57:01,1,370,378,9,KAWLVHRQW,0.995881,0.01
2,HLA-B*40:01,1,479,487,9,AETQHGTIL,0.988395,0.01
3,HLA-B*58:01,1,370,378,9,KAWLVHRQW,0.984872,0.01
4,HLA-B*40:01,1,214,222,9,TEAKQPATL,0.981522,0.01
5,HLA-A*68:01,1,391,399,9,DTSNNTWNR,0.956112,0.03
6,HLA-A*11:01,1,404,412,9,VTFKNPHAK,0.953739,0.01
7,HLA-B*57:01,1,611,619,9,TALFSGVSW,0.953305,0.06
8,HLA-B*58:01,1,611,619,9,TALFSGVSW,0.950937,0.04
9,HLA-A*02:01,1,597,605,9,SLGKAVHQV,0.948758,0.02
10,HLA-B*57:01,1,610,619,10,YTALFSGVSW,0.947302,0.06
11,HLA-A*02:03,1,597,605,9,SLGKAVHQV,0.942809,0.02
12,HLA-B*58:01,1,578,586,9,MAILGDTAW,0.939892,0.04
13,HLA-A*68:01,1,160,168,9,LVAPSMTMR,0.937207,0.04
14,HLA-B*07:02,1,130,138,9,HPGFTILAL,0.933762,0.04
15,HLA-A*68:01,1,215,223,9,EAKQPATLR,0.933492,0.05
16,HLA-B*57:01,1,622,631,10,KILIGVLLTW,0.926624,0.09
17,HLA-A*03:01,1,404,412,9,VTFKNPHAK,0.925589,0.02
18,HLA-B*40:01,1,422,430,9,QEGAMHTAL,0.919856,0.06
19,HLA-A*02:03,1,272,280,9,GLFGKGSLV,0.919098,0.03
20,HLA-B*35:01,1,646,654,9,IAVGNITLY,0.916137,0.04
21,HLA-B*44:03,1,178,186,9,VEGVSGATW,0.910738,0.04
22,HLA-A*03:01,1,452,461,10,RLRMDKLRLK,0.905452,0.03
23,HLA-B*15:01,1,457,465,9,KLRLKGMSY,0.899934,0.02
24,HLA-B*58:01,1,389,397,9,GADTSNNTW,0.8977,0.06
25,HLA-B*44:03,1,535,543,9,AEPPFGDSY,0.896984,0.04
26,HLA-B*44:02,1,178,186,9,VEGVSGATW,0.89687,0.03
27,HLA-B*53:01,1,578,586,9,MAILGDTAW,0.894918,0.02
28,HLA-B*58:01,1,610,619,10,YTALFSGVSW,0.893757,0.06
29,HLA-B*15:01,1,601,610,10,AVHQVFGSAY,0.89284,0.03
30,HLA-B*57:01,1,101,110,10,MGLETRTETW,0.892673,0.12
31,HLA-A*11:01,1,518,527,10,ITANPIVTDK,0.892196,0.02
32,HLA-B*07:02,1,341,349,9,LPDYGTLTL,0.89127,0.05
33,HLA-A*31:01,1,368,376,9,KNKAWLVHR,0.888821,0.03
34,HLA-A*68:01,1,159,168,10,MLVAPSMTMR,0.888587,0.09
35,HLA-B*44:03,1,17,25,9,QERGKSLLF,0.873783,0.05
36,HLA-B*57:01,1,578,586,9,MAILGDTAW,0.870352,0.15
37,HLA-B*57:01,1,623,631,9,ILIGVLLTW,0.869301,0.15
38,HLA-B*44:02,1,17,25,9,QERGKSLLF,0.865973,0.03
39,HLA-B*35:01,1,341,349,9,LPDYGTLTL,0.865649,0.05
40,HLA-A*68:01,1,142,151,10,YAIGTSLTQR,0.863472,0.13
41,HLA-B*15:01,1,217,225,9,KQPATLRKY,0.857563,0.04
42,HLA-A*33:01,1,215,223,9,EAKQPATLR,0.853444,0.02
43,HLA-A*68:01,1,480,489,10,ETQHGTILIK,0.850838,0.15
44,HLA-A*03:01,1,404,413,10,VTFKNPHAKK,0.845657,0.05
45,HLA-A*03:01,1,518,527,10,ITANPIVTDK,0.842457,0.05
46,HLA-A*68:01,1,404,412,9,VTFKNPHAK,0.838331,0.16
47,HLA-A*02:06,1,597,605,9,SLGKAVHQV,0.835474,0.06
48,HLA-A*68:01,1,519,527,9,TANPIVTDK,0.829427,0.19
49,HLA-B*44:03,1,59,67,9,AEPEDIDCW,0.829356,0.06
50,HLA-B*44:03,1,42,51,10,GELCEDTVTY,0.828049,0.07
51,HLA-B*35:01,1,130,138,9,HPGFTILAL,0.826646,0.07
52,HLA-B*58:01,1,623,631,9,ILIGVLLTW,0.822169,0.11
53,HLA-A*68:02,1,477,486,10,EVAETQHGTI,0.822057,0.05
54,HLA-B*44:02,1,535,543,9,AEPPFGDSY,0.820756,0.05
55,HLA-B*58:01,1,388,397,10,SGADTSNNTW,0.820646,0.11
56,HLA-A*02:03,1,94,103,10,ALAPHVGMGL,0.817226,0.05
57,HLA-B*58:01,1,101,110,10,MGLETRTETW,0.813848,0.11
58,HLA-A*68:02,1,583,591,9,DTAWDFGSV,0.81275,0.05
59,HLA-B*53:01,1,611,619,9,TALFSGVSW,0.812586,0.03
60,HLA-A*11:01,1,404,413,10,VTFKNPHAKK,0.810215,0.07
61,HLA-B*44:02,1,59,67,9,AEPEDIDCW,0.808056,0.05
62,HLA-B*58:01,1,577,586,10,RMAILGDTAW,0.806627,0.11
63,HLA-B*57:01,1,577,586,10,RMAILGDTAW,0.797683,0.21
64,HLA-A*30:02,1,290,298,9,KIEGKIVQY,0.793712,0.03
65,HLA-A*30:01,1,404,412,9,VTFKNPHAK,0.791148,0.02
66,HLA-B*58:01,1,622,631,10,KILIGVLLTW,0.789271,0.13
67,HLA-A*33:01,1,391,399,9,DTSNNTWNR,0.774848,0.04
68,HLA-A*68:02,1,480,488,9,ETQHGTILI,0.774702,0.06
69,HLA-A*01:01,1,534,543,10,EAEPPFGDSY,0.763337,0.08
70,HLA-B*44:03,1,479,487,9,AETQHGTIL,0.76255,0.1
71,HLA-B*57:01,1,369,378,10,NKAWLVHRQW,0.758299,0.25
72,HLA-B*53:01,1,341,349,9,LPDYGTLTL,0.751672,0.05
73,HLA-B*40:01,1,213,222,10,KTEAKQPATL,0.744384,0.14
74,HLA-A*68:01,1,443,452,10,NIFAGHLKCR,0.735933,0.27
75,HLA-B*57:01,1,389,397,9,GADTSNNTW,0.735808,0.27
76,HLA-A*68:01,1,518,527,10,ITANPIVTDK,0.735703,0.27
77,HLA-A*02:06,1,115,123,9,GAWKHIQRV,0.723277,0.1
78,HLA-A*11:01,1,204,213,10,KPTLDIELIK,0.722991,0.12
79,HLA-A*30:02,1,217,225,9,KQPATLRKY,0.71988,0.04
80,HLA-A*02:01,1,272,280,9,GLFGKGSLV,0.719239,0.12
81,HLA-A*32:01,1,370,378,9,KAWLVHRQW,0.712048,0.04
82,HLA-B*44:03,1,214,222,9,TEAKQPATL,0.709597,0.14
83,HLA-A*32:01,1,622,631,10,KILIGVLLTW,0.709566,0.04
84,HLA-A*68:01,1,98,106,9,HVGMGLETR,0.709019,0.31
85,HLA-B*57:01,1,388,397,10,SGADTSNNTW,0.70738,0.29
86,HLA-B*57:01,1,370,379,10,KAWLVHRQWF,0.703443,0.3
87,HLA-B*40:01,1,298,306,9,YENLKYTVI,0.701688,0.15
88,HLA-A*11:01,1,519,527,9,TANPIVTDK,0.701096,0.14
89,HLA-A*68:01,1,215,224,10,EAKQPATLRK,0.699766,0.32
90,HLA-A*68:01,1,569,577,9,EATARGARR,0.697135,0.32
91,HLA-B*44:02,1,479,487,9,AETQHGTIL,0.695663,0.1
92,HLA-A*32:01,1,623,631,9,ILIGVLLTW,0.690646,0.04
93,HLA-A*68:01,1,391,400,10,DTSNNTWNRK,0.689303,0.33
94,HLA-A*68:02,1,619,627,9,WTMKILIGV,0.682805,0.09
95,HLA-B*15:01,1,459,467,9,RLKGMSYAM,0.682725,0.15
96,HLA-B*15:01,1,290,298,9,KIEGKIVQY,0.679241,0.15
97,HLA-B*15:01,1,436,445,10,IQSSGGNNIF,0.671191,0.16
98,HLA-B*51:01,1,140,148,9,LAYAIGTSL,0.670744,0.09
99,HLA-A*02:06,1,329,337,9,TITPQAPTV,0.668125,0.13
